xline_all_values,yline_all_values,X_all_values,obj1,obj2,obj3,inc
261.2614679498677,9.615766221478442e-06,"[4.5115816595621645, 9.670104873945045, 0.62106165705874, 9.186286971801987, 2.353921570255992, 0.07632062352175795, 0.4043716487619027]",261.2614679498677,9.615766221478442e-06,3852530.9295386868,0
257.5992802009942,9.660158489888808e-06,"[np.float64(3.836377494292455), np.float64(7.217405681693272), np.float64(2.5289391222603372), np.float64(7.58219834865262), np.float64(3.882520450456176), 0, np.float64(0.103785387922126)]",257.5992802009942,9.660158489888808e-06,4378565.797654304,0
262.5028743962347,9.556834649507984e-06,"[0.1, np.float64(4.510187261482666), np.float64(2.7333874319156077), np.float64(9.327602867008116), np.float64(2.073312790212123), np.float64(0.6288915280678283), np.float64(0.8498267450422602)]",262.5028743962347,9.556834649507984e-06,2735349.1507111974,0
259.23735234710244,9.637317039693778e-06,"[4.737143650293381, 7.8902433800228895, 1.0115346738096422, 5.900110615132681, 1.4911342261212883, 0.8629204601585216, 0.807969126583865]",259.23735234710244,9.637317039693778e-06,4354975.909544789,0
255.26760456615077,9.700280964957211e-06,"[np.float64(1.0224843054902895), np.float64(2.8732146249779036), np.float64(5.832535150250832), np.float64(6.529458996757205), np.float64(5.373841423416241), 0, np.float64(0.34950717667715936)]",255.26760456615077,9.700280964957211e-06,3842211.4312971984,0
253.28553808249896,9.746661881583719e-06,"[0.34261976130363914, 5.109512193308249, 6.849822724533316, 4.144614818560547, 6.729686047382573, 0.7882764961618075, 0.7368790367893504]",253.28553808249896,9.746661881583719e-06,3879283.259669362,0
252.71777331125764,9.76681387436946e-06,"[6.146645379560003, 8.012642605910163, 9.549617465217205, 6.6214207089795964, 8.003793649311097, 0.45742604150631216, 0.4680425095883348]",252.71777331125764,9.76681387436946e-06,4867227.349833452,0
247.58612391470209,9.97175467658758e-06,"[np.float64(3.0384570702567713), 0.1, 10, np.float64(3.6961813976336764), np.float64(6.843992242837121), np.float64(0.1726956822226882), 0]",247.58612391470209,9.97175467658758e-06,25911980.13287675,0
248.10655581351372,9.932173210984422e-06,"[np.float64(6.599067047762092), 0.1, 10, np.float64(4.626251624307022), np.float64(4.463654754314575), np.float64(0.17158883243021936), np.float64(0.19305858715546328)]",248.10655581351372,9.932173210984422e-06,25117340.827587634,0
254.25112284011416,9.727332392409221e-06,"[6.181638215446962, 6.014875363994264, 8.109458176319702, 6.4630693521373725, 2.177320426066093, 0.22337067701463376, 0.3536009000583511]",254.25112284011416,9.727332392409221e-06,3746213.187657901,0
255.15667550343326,9.702929677975504e-06,"[np.float64(1.0223340741863018), np.float64(2.851522046746583), np.float64(5.830853416886585), np.float64(6.48172984363376), np.float64(5.4060856933954655), 0, np.float64(0.3451544031659736)]",255.15667550343326,9.702929677975504e-06,3871702.3299994995,0
254.15231675171552,9.733277056583028e-06,"[5.06418112434045, 8.567916284923557, 7.152597266697347, 5.518011232134255, 5.198388416161004, 0.14331247004035075, 0.19204899325811386]",254.15231675171552,9.733277056583028e-06,4489135.375539891,0
247.50866852591912,9.984092101770287e-06,"[np.float64(5.253823472511151), 0.1, 10, np.float64(3.8519781839608203), np.float64(6.963930424831561), np.float64(0.20760649923964167), 0]",247.50866852591912,9.984092101770287e-06,27545259.106880248,0
251.63442092544804,9.796544675569054e-06,"[np.float64(2.450924874435044), np.float64(2.7987569486866226), np.float64(6.8422457108297206), np.float64(4.817454196318916), np.float64(5.7934853827621495), 0, np.float64(0.11034943415752363)]",251.63442092544804,9.796544675569054e-06,4937813.936442408,0
248.44714656569005,9.9079605708529e-06,"[np.float64(8.594271192889456), np.float64(1.3567133170564523), 10, np.float64(3.8574110964228225), np.float64(4.458354407958168), 0, np.float64(0.1851934083437022)]",248.44714656569005,9.9079605708529e-06,8759053.689037224,0
264.81625731973475,9.550819498922517e-06,"[np.float64(1.8947689859544958), 10, 0.1, np.float64(9.524808840243), np.float64(1.085211132411838), np.float64(0.06667105702272866), np.float64(0.5702786426698895)]",264.81625731973475,9.550819498922517e-06,2910342.3444889043,0
248.24350524301352,9.925059909429865e-06,"[np.float64(5.574455638464931), np.float64(1.3107743554810958), 10, np.float64(4.139238028763497), np.float64(8.720659621790025), 0, 0]",248.24350524301352,9.925059909429865e-06,10654850.908795804,0
248.9482117504322,9.905057377415759e-06,"[np.float64(7.4627621798406345), np.float64(1.2081292259333574), np.float64(9.877486724523495), np.float64(5.452322748877307), np.float64(6.844517217333535), 0, 0]",248.9482117504322,9.905057377415759e-06,11307065.213533174,0
251.27661077558776,9.811162778593459e-06,"[np.float64(1.9141589603138511), np.float64(2.3558878254009716), np.float64(6.689645035075725), np.float64(4.608361698878479), np.float64(6.0976740131899145), 0, np.float64(0.06740311331846549)]",251.27661077558776,9.811162778593459e-06,5277903.167679493,0
250.10099122222522,9.854631226772841e-06,"[np.float64(3.4842255970908993), np.float64(1.7334292104160063), np.float64(7.741388079900811), np.float64(4.748045590018078), np.float64(6.449272687244477), np.float64(0.035279860985068974), np.float64(0.09861429286529305)]",250.10099122222522,9.854631226772841e-06,6982178.304855642,0
249.50618810636453,9.869559234314777e-06,"[np.float64(4.827779900149211), np.float64(1.898693560147203), np.float64(9.616446596213084), np.float64(4.672047916151665), np.float64(5.873270404879915), 0, 0]",249.50618810636453,9.869559234314777e-06,6713314.447199126,0
250.2926657199681,9.842937876465978e-06,"[np.float64(5.199972776887917), np.float64(3.00144735621943), np.float64(8.825751480518752), np.float64(4.95154436370623), np.float64(6.912674493224739), np.float64(0.16052359175875477), np.float64(0.1733416617904505)]",250.2926657199681,9.842937876465978e-06,6157995.957964297,0
249.1199971234082,9.896577600879213e-06,"[np.float64(6.374007876485328), np.float64(1.4100667637771767), 10, np.float64(5.629519812120294), np.float64(8.475404713200927), np.float64(0.1620762005643379), np.float64(0.19700565006604942)]",249.1199971234082,9.896577600879213e-06,10273186.58572089,0
251.9518124309289,9.788002133023415e-06,"[np.float64(3.3756198535218083), np.float64(3.694935003713063), np.float64(7.004713828065545), np.float64(5.035706190244092), np.float64(6.404523974413236), np.float64(0.1774347501544189), np.float64(0.2615593971072625)]",251.9518124309289,9.788002133023415e-06,5037029.2335162535,0
246.5076407878532,9.98796128480684e-06,"[np.float64(0.8689158525516758), 0.1, np.float64(9.842872319749128), np.float64(2.330587102932265), np.float64(8.986894939971313), np.float64(0.11093853911769899), np.float64(0.14735004652725867)]",246.5076407878532,9.98796128480684e-06,24099074.683954187,0
249.83552890017575,9.863336615793045e-06,"[np.float64(6.422884596977924), np.float64(2.0834185268611995), np.float64(9.853523608497504), np.float64(5.858663137893507), np.float64(7.097839423606508), np.float64(0.1734798711087088), np.float64(0.2166176724364105)]",249.83552890017575,9.863336615793045e-06,7554602.087496091,0
250.95567643657517,9.824651625117386e-06,"[np.float64(2.181165022762347), np.float64(1.657185616223148), np.float64(6.741236079162743), np.float64(4.489204888757853), np.float64(6.704790793155799), np.float64(0.19699779583541208), np.float64(0.3228923737229423)]",250.95567643657517,9.824651625117386e-06,6103602.1819303315,0
250.44210653720694,9.837239967122652e-06,"[np.float64(1.9410770240213404), np.float64(1.7115619499040542), np.float64(7.698314249672018), np.float64(3.556646375912428), np.float64(5.792491064119914), 0, np.float64(0.2718006609621718)]",250.44210653720694,9.837239967122652e-06,5226810.693943778,0
249.3747518268424,9.876545823313263e-06,"[np.float64(6.427803679179856), np.float64(1.8917288837510768), 10, np.float64(5.046694136215384), np.float64(5.848466792563), 0, 0]",249.3747518268424,9.876545823313263e-06,7509937.401214834,0
250.80843908058804,9.830669307311387e-06,"[np.float64(1.5410525228117802), np.float64(1.364325863772014), np.float64(6.376145035468397), np.float64(4.3093330641741225), np.float64(6.662913292336673), np.float64(0.08058212802042719), np.float64(0.25841066772278737)]",250.80843908058804,9.830669307311387e-06,6401549.678412515,0
250.74576828149864,9.836674266256044e-06,"[np.float64(1.5149866021875873), np.float64(1.555290231714343), np.float64(6.232744068039055), np.float64(4.579217917123917), np.float64(7.205228067594459), np.float64(0.31384301753713295), np.float64(0.35656957271916756)]",250.74576828149864,9.836674266256044e-06,6830219.537469159,0
249.89477002383234,9.860475648145523e-06,"[np.float64(6.818749885716138), np.float64(1.928684164444988), np.float64(9.656711729576458), np.float64(5.698828354510913), np.float64(6.837136381209748), np.float64(0.47528306241491436), np.float64(0.520935217482422)]",249.89477002383234,9.860475648145523e-06,7566870.226479527,0
249.22143409193967,9.884411515448151e-06,"[np.float64(7.44108849747067), np.float64(1.2824235965185542), 10, np.float64(5.394054470812568), np.float64(6.157334593784844), 0, np.float64(0.17211550256696173)]",249.22143409193967,9.884411515448151e-06,9315041.756662097,0
251.08514994914347,9.818325289008643e-06,"[np.float64(4.668020364307493), np.float64(3.2613483754768455), np.float64(8.010553319276172), np.float64(5.436504211438801), np.float64(6.700031532855123), np.float64(0.2869917737636963), np.float64(0.2998087716032397)]",251.08514994914347,9.818325289008643e-06,5750202.666932483,0
249.24086975345517,9.879213628724226e-06,"[np.float64(3.682602212711736), np.float64(1.665643627626226), np.float64(9.83103730493611), np.float64(3.0858796344876955), np.float64(4.935638067984347), 0, np.float64(0.25884553365660745)]",249.24086975345517,9.879213628724226e-06,5621128.059722677,0
251.2565132296068,9.816156721122264e-06,"[1.4105581521079134, 1.6617271733703378, 6.0526517434161855, 4.446770785291578, 6.743341836282185, 0.09859831420624399, 0.26254532967714783]",251.2565132296068,9.816156721122264e-06,5973570.449542822,0
252.03011281428235,9.786046770733935e-06,"[np.float64(2.640931272861568), np.float64(3.7068178737039092), np.float64(6.5603496022446635), np.float64(4.901557864180089), np.float64(6.690421164668095), np.float64(0.31126142372435883), np.float64(0.32750080362495426)]",252.03011281428235,9.786046770733935e-06,5036424.984148208,0
251.128305576921,9.81711455450402e-06,"[np.float64(2.442922027884099), np.float64(2.362433532392301), np.float64(7.695957853301496), np.float64(4.329787113537446), np.float64(6.78059591020122), np.float64(0.11602668305930453), np.float64(0.30562906270993645)]",251.128305576921,9.81711455450402e-06,5276804.983200316,0
253.11356839119915,9.759623452459644e-06,"[np.float64(2.1900623429892807), np.float64(3.2981745827689255), np.float64(5.072556792651202), np.float64(5.334226446769092), np.float64(5.94428218310443), np.float64(0.027412239636743108), np.float64(0.15492710538041174)]",253.11356839119915,9.759623452459644e-06,5036788.982187397,0
266.0090796933336,9.539769776099384e-06,"[0.1, np.float64(6.41945117045212), 0.1, 10, 0.1, np.float64(0.9304087270190526), 1]",266.0090796933336,9.539769776099384e-06,2653607.7750708153,0
250.27743995174808,9.84699873392403e-06,"[np.float64(1.3545937292206975), np.float64(1.061702236664253), np.float64(6.81607642548666), np.float64(3.896356046495815), np.float64(6.529632335870125), np.float64(0.04294259537802525), np.float64(0.26169762171999245)]",250.27743995174808,9.84699873392403e-06,6647162.55273414,0
252.21700485647116,9.779915190144303e-06,"[np.float64(2.834938872218318), np.float64(4.073536930491932), np.float64(6.618756775622103), np.float64(4.958440796273875), np.float64(6.608384045229752), np.float64(0.31363574808583994), np.float64(0.3237574439252681)]",252.21700485647116,9.779915190144303e-06,4928848.0299754925,0
247.28579570105003,9.986327466207153e-06,"[np.float64(3.3243631281944594), 0.1, 10, np.float64(3.2648372029341655), np.float64(6.866003281039033), np.float64(0.20248242102855893), 0]",247.28579570105003,9.986327466207153e-06,26539880.771739572,0
250.67919878104928,9.83676147602575e-06,"[np.float64(1.3612970642971174), np.float64(1.156578834148977), np.float64(6.227408776071765), np.float64(4.240706948339074), np.float64(6.623190956762154), np.float64(0.06892988878018408), np.float64(0.2513017061316433)]",250.67919878104928,9.83676147602575e-06,6830804.51564084,0
255.99175487647994,9.697687008455013e-06,"[0.1, np.float64(5.515982876920853), np.float64(5.201968430950425), np.float64(5.542227667757946), np.float64(6.517062475393045), np.float64(0.7365530164195219), np.float64(0.6134762264628789)]",255.99175487647994,9.697687008455013e-06,3887527.07680821,0
254.65232090295322,9.725436253546758e-06,"[np.float64(5.817536008730134), 10, np.float64(7.27612706662819), np.float64(5.668152217927191), np.float64(4.528270185772599), np.float64(0.0038857153582874115), np.float64(0.11079291042608774)]",254.65232090295322,9.725436253546758e-06,4472164.35758036,0
250.24942269607027,9.854348010220204e-06,"[np.float64(1.2853029102210876), np.float64(1.8164270825039897), np.float64(8.261859358675924), np.float64(2.7093086882347692), np.float64(5.168591833779358), 0, np.float64(0.29479384152347693)]",250.24942269607027,9.854348010220204e-06,4758428.237025792,0
253.6361266019585,9.73694778987392e-06,"[np.float64(0.3786894128803491), np.float64(3.9237194479743884), np.float64(4.838808155341643), np.float64(4.112204955021655), np.float64(5.9466149561073625), 0, np.float64(0.18992353201736256)]",253.6361266019585,9.73694778987392e-06,4219760.0899710385,0
253.1166687053237,9.754183500241196e-06,"[np.float64(3.660704151761098), np.float64(5.781101755239149), np.float64(6.795594069033615), np.float64(5.151395622609663), np.float64(6.014905497888948), np.float64(0.22044655073135866), np.float64(0.26146022481372916)]",253.1166687053237,9.754183500241196e-06,4593414.0578021705,0
251.49898971182378,9.804744045416556e-06,"[np.float64(2.619107194878948), np.float64(2.6644235110127497), np.float64(7.181363755513919), np.float64(4.777131955441372), np.float64(6.922138992130129), np.float64(0.15590893115149404), np.float64(0.3007973774302697)]",251.49898971182378,9.804744045416556e-06,5322566.189053613,0
256.4844102449696,9.671175712127099e-06,"[np.float64(0.35885896031718456), np.float64(3.0620031778485433), np.float64(5.673574291760406), np.float64(7.275471308168374), np.float64(4.5826141865828625), np.float64(0.4095649023462599), np.float64(0.5517686247961079)]",256.4844102449696,9.671175712127099e-06,3353653.0734594185,0
256.46711676125625,9.688949231417108e-06,"[0.1, np.float64(6.390374395192219), np.float64(6.454113455357918), np.float64(6.587233342824266), np.float64(6.518064148473009), 1, np.float64(0.8670156211636448)]",256.46711676125625,9.688949231417108e-06,3557166.510006928,0
